BEGIN;
CREATE TABLE IF NOT EXISTS "django_migrations" (`id` integer NOT NULL PRIMARY KEY  AUTO_INCREMENT, `app` varchar(255) NOT NULL, `name` varchar(255) NOT NULL, `applied` datetime NOT NULL);
INSERT INTO django_migrations VALUES(1,'contenttypes','0001_initial','2023-06-10 05:42:03.177364');
INSERT INTO django_migrations VALUES(2,'contenttypes','0002_remove_content_type_name','2023-06-10 05:42:03.192078');
INSERT INTO django_migrations VALUES(3,'auth','0001_initial','2023-06-10 05:42:03.214878');
INSERT INTO django_migrations VALUES(4,'auth','0002_alter_permission_name_max_length','2023-06-10 05:42:03.225846');
INSERT INTO django_migrations VALUES(5,'auth','0003_alter_user_email_max_length','2023-06-10 05:42:03.236949');
INSERT INTO django_migrations VALUES(6,'auth','0004_alter_user_username_opts','2023-06-10 05:42:03.247785');
INSERT INTO django_migrations VALUES(7,'auth','0005_alter_user_last_login_null','2023-06-10 05:42:03.256986');
INSERT INTO django_migrations VALUES(8,'auth','0006_require_contenttypes_0002','2023-06-10 05:42:03.263040');
INSERT INTO django_migrations VALUES(9,'auth','0007_alter_validators_add_error_messages','2023-06-10 05:42:03.275623');
INSERT INTO django_migrations VALUES(10,'auth','0008_alter_user_username_max_length','2023-06-10 05:42:03.287482');
INSERT INTO django_migrations VALUES(11,'auth','0009_alter_user_last_name_max_length','2023-06-10 05:42:03.301478');
INSERT INTO django_migrations VALUES(12,'auth','0010_alter_group_name_max_length','2023-06-10 05:42:03.316416');
INSERT INTO django_migrations VALUES(13,'auth','0011_update_proxy_permissions','2023-06-10 05:42:03.330123');
INSERT INTO django_migrations VALUES(14,'auth','0012_alter_user_first_name_max_length','2023-06-10 05:42:03.340482');
INSERT INTO django_migrations VALUES(15,'account','0001_initial','2023-06-10 05:42:03.365812');
INSERT INTO django_migrations VALUES(16,'admin','0001_initial','2023-06-10 05:42:03.389308');
INSERT INTO django_migrations VALUES(17,'admin','0002_logentry_remove_auto_add','2023-06-10 05:42:03.410485');
INSERT INTO django_migrations VALUES(18,'admin','0003_logentry_add_action_flag_choices','2023-06-10 05:42:03.430282');
INSERT INTO django_migrations VALUES(19,'sessions','0001_initial','2023-06-10 05:42:03.445586');
INSERT INTO django_migrations VALUES(20,'account','0002_user_image','2023-06-10 06:58:59.743793');
INSERT INTO django_migrations VALUES(21,'recipe','0001_initial','2023-06-10 06:58:59.796106');
INSERT INTO django_migrations VALUES(22,'account','0003_user_gender_user_interest','2023-06-10 08:58:53.382106');
INSERT INTO django_migrations VALUES(23,'account','0004_interest_remove_user_interest_user_interest','2023-06-10 09:31:01.210849');
INSERT INTO django_migrations VALUES(24,'account','0005_user_bio','2023-06-10 15:45:03.570142');
INSERT INTO django_migrations VALUES(25,'recipe','0002_recipe_fav_recipe_view','2023-06-10 16:12:38.472676');
INSERT INTO django_migrations VALUES(26,'recipe','0003_alter_recipe_id','2023-06-10 16:21:37.657079');
INSERT INTO django_migrations VALUES(27,'recipe','0004_ingredient_method_recipe_calories_recipe_difficulty_and_more','2023-06-11 18:39:57.687146');
INSERT INTO django_migrations VALUES(28,'recipe','0005_ingredient_recipe_fk_method_recipe_fk','2023-06-11 19:07:45.458332');
INSERT INTO django_migrations VALUES(29,'recipe','0006_unitingredient_ingredient_unit_mtm','2023-06-11 19:41:58.260169');
INSERT INTO django_migrations VALUES(30,'recipe','0007_remove_ingredient_unit_mtm_ingredient_unit_and_more','2023-06-11 19:51:49.071903');
INSERT INTO django_migrations VALUES(31,'recipe','0008_ingredient_quantity','2023-06-11 19:54:19.912564');
INSERT INTO django_migrations VALUES(32,'recipe','0009_method_number','2023-06-11 19:59:55.017698');
INSERT INTO django_migrations VALUES(33,'recipe','0010_ingredient_number','2023-06-11 20:28:28.627126');
INSERT INTO django_migrations VALUES(34,'account','0006_alter_user_gender','2023-06-12 14:05:30.818173');
INSERT INTO django_migrations VALUES(35,'account','0007_user_favorite','2023-06-30 17:37:40.736653');
INSERT INTO django_migrations VALUES(36,'recipe','0011_recipe_updated_at','2023-06-30 18:23:38.449845');
INSERT INTO django_migrations VALUES(37,'account','0008_user_last_view','2023-06-30 18:41:14.639219');
INSERT INTO django_migrations VALUES(38,'recipe','0012_recipe_guest','2023-06-30 18:59:53.104447');
CREATE TABLE IF NOT EXISTS "django_content_type" (`id` integer NOT NULL PRIMARY KEY  AUTO_INCREMENT, `app_label` varchar(100) NOT NULL, `model` varchar(100) NOT NULL);
INSERT INTO django_content_type VALUES(1,'admin','logentry');
INSERT INTO django_content_type VALUES(2,'auth','permission');
INSERT INTO django_content_type VALUES(3,'auth','group');
INSERT INTO django_content_type VALUES(4,'contenttypes','contenttype');
INSERT INTO django_content_type VALUES(5,'sessions','session');
INSERT INTO django_content_type VALUES(6,'account','user');
INSERT INTO django_content_type VALUES(7,'recipe','recipe');
INSERT INTO django_content_type VALUES(8,'account','interest');
INSERT INTO django_content_type VALUES(9,'recipe','ingredient');
INSERT INTO django_content_type VALUES(10,'recipe','method');
INSERT INTO django_content_type VALUES(11,'recipe','unitingredient');
CREATE TABLE IF NOT EXISTS "auth_group_permissions" (`id` integer NOT NULL PRIMARY KEY  AUTO_INCREMENT, `group_id` integer NOT NULL REFERENCES `auth_group` (`id`) DEFERRABLE INITIALLY DEFERRED, `permission_id` integer NOT NULL REFERENCES `auth_permission` (`id`) DEFERRABLE INITIALLY DEFERRED);
CREATE TABLE IF NOT EXISTS "auth_permission" (`id` integer NOT NULL PRIMARY KEY  AUTO_INCREMENT, `content_type_id` integer NOT NULL REFERENCES `django_content_type` (`id`) DEFERRABLE INITIALLY DEFERRED, `codename` varchar(100) NOT NULL, `name` varchar(255) NOT NULL);
INSERT INTO auth_permission VALUES(1,1,'add_logentry','Can add log entry');
INSERT INTO auth_permission VALUES(2,1,'change_logentry','Can change log entry');
INSERT INTO auth_permission VALUES(3,1,'delete_logentry','Can delete log entry');
INSERT INTO auth_permission VALUES(4,1,'view_logentry','Can view log entry');
INSERT INTO auth_permission VALUES(5,2,'add_permission','Can add permission');
INSERT INTO auth_permission VALUES(6,2,'change_permission','Can change permission');
INSERT INTO auth_permission VALUES(7,2,'delete_permission','Can delete permission');
INSERT INTO auth_permission VALUES(8,2,'view_permission','Can view permission');
INSERT INTO auth_permission VALUES(9,3,'add_group','Can add group');
INSERT INTO auth_permission VALUES(10,3,'change_group','Can change group');
INSERT INTO auth_permission VALUES(11,3,'delete_group','Can delete group');
INSERT INTO auth_permission VALUES(12,3,'view_group','Can view group');
INSERT INTO auth_permission VALUES(13,4,'add_contenttype','Can add content type');
INSERT INTO auth_permission VALUES(14,4,'change_contenttype','Can change content type');
INSERT INTO auth_permission VALUES(15,4,'delete_contenttype','Can delete content type');
INSERT INTO auth_permission VALUES(16,4,'view_contenttype','Can view content type');
INSERT INTO auth_permission VALUES(17,5,'add_session','Can add session');
INSERT INTO auth_permission VALUES(18,5,'change_session','Can change session');
INSERT INTO auth_permission VALUES(19,5,'delete_session','Can delete session');
INSERT INTO auth_permission VALUES(20,5,'view_session','Can view session');
INSERT INTO auth_permission VALUES(21,6,'add_user','Can add user');
INSERT INTO auth_permission VALUES(22,6,'change_user','Can change user');
INSERT INTO auth_permission VALUES(23,6,'delete_user','Can delete user');
INSERT INTO auth_permission VALUES(24,6,'view_user','Can view user');
INSERT INTO auth_permission VALUES(25,7,'add_recipe','Can add recipe');
INSERT INTO auth_permission VALUES(26,7,'change_recipe','Can change recipe');
INSERT INTO auth_permission VALUES(27,7,'delete_recipe','Can delete recipe');
INSERT INTO auth_permission VALUES(28,7,'view_recipe','Can view recipe');
INSERT INTO auth_permission VALUES(29,8,'add_interest','Can add interest');
INSERT INTO auth_permission VALUES(30,8,'change_interest','Can change interest');
INSERT INTO auth_permission VALUES(31,8,'delete_interest','Can delete interest');
INSERT INTO auth_permission VALUES(32,8,'view_interest','Can view interest');
INSERT INTO auth_permission VALUES(33,9,'add_ingredient','Can add ingredient');
INSERT INTO auth_permission VALUES(34,9,'change_ingredient','Can change ingredient');
INSERT INTO auth_permission VALUES(35,9,'delete_ingredient','Can delete ingredient');
INSERT INTO auth_permission VALUES(36,9,'view_ingredient','Can view ingredient');
INSERT INTO auth_permission VALUES(37,10,'add_method','Can add method');
INSERT INTO auth_permission VALUES(38,10,'change_method','Can change method');
INSERT INTO auth_permission VALUES(39,10,'delete_method','Can delete method');
INSERT INTO auth_permission VALUES(40,10,'view_method','Can view method');
INSERT INTO auth_permission VALUES(41,11,'add_unitingredient','Can add unit ingredient');
INSERT INTO auth_permission VALUES(42,11,'change_unitingredient','Can change unit ingredient');
INSERT INTO auth_permission VALUES(43,11,'delete_unitingredient','Can delete unit ingredient');
INSERT INTO auth_permission VALUES(44,11,'view_unitingredient','Can view unit ingredient');
CREATE TABLE IF NOT EXISTS "auth_group" (`id` integer NOT NULL PRIMARY KEY  AUTO_INCREMENT, `name` varchar(150) NOT NULL UNIQUE);
CREATE TABLE IF NOT EXISTS "account_user_groups" (`id` integer NOT NULL PRIMARY KEY  AUTO_INCREMENT, `user_id` char(32) NOT NULL REFERENCES `account_user` (`id`) DEFERRABLE INITIALLY DEFERRED, `group_id` integer NOT NULL REFERENCES `auth_group` (`id`) DEFERRABLE INITIALLY DEFERRED);
CREATE TABLE IF NOT EXISTS "account_user_user_permissions" (`id` integer NOT NULL PRIMARY KEY  AUTO_INCREMENT, `user_id` char(32) NOT NULL REFERENCES `account_user` (`id`) DEFERRABLE INITIALLY DEFERRED, `permission_id` integer NOT NULL REFERENCES `auth_permission` (`id`) DEFERRABLE INITIALLY DEFERRED);
CREATE TABLE IF NOT EXISTS "django_admin_log" (`id` integer NOT NULL PRIMARY KEY  AUTO_INCREMENT, `object_id` varchars NULL, `object_repr` varchar(200) NOT NULL, `action_flag` smallint unsigned NOT NULL CHECK (`action_flag` >= 0), `change_message` varchars NOT NULL, `content_type_id` integer NULL REFERENCES `django_content_type` (`id`) DEFERRABLE INITIALLY DEFERRED, `user_id` char(32) NOT NULL REFERENCES `account_user` (`id`) DEFERRABLE INITIALLY DEFERRED, `action_time` datetime NOT NULL);
INSERT INTO django_admin_log VALUES(1,'23f7f077-dca7-41fa-9f8f-b29160ed0650','user1@u.com - user1',3,'',6,'7d72497027344766b7fa25e6d656847d','2023-06-10 06:18:37.066579');
INSERT INTO django_admin_log VALUES(2,'42c4c508-ac70-42e2-81ef-0fd47ec7a6bd','Seafood',1,'[{`added`: {}}]',8,'7d72497027344766b7fa25e6d656847d','2023-06-10 09:31:42.004516');
INSERT INTO django_admin_log VALUES(3,'f8e5faeb-4231-4c67-a83a-c6e9aaf5fc80','Japanese',1,'[{`added`: {}}]',8,'7d72497027344766b7fa25e6d656847d','2023-06-10 09:31:55.574832');
INSERT INTO django_admin_log VALUES(4,'7a1f4231-8369-4968-b3f3-b1bce9495171','Non Susu',1,'[{`added`: {}}]',8,'7d72497027344766b7fa25e6d656847d','2023-06-10 09:31:58.767950');
INSERT INTO django_admin_log VALUES(5,'67bd6982-0bc6-4f4c-a169-97a5fda155de','Sayuran',1,'[{`added`: {}}]',8,'7d72497027344766b7fa25e6d656847d','2023-06-10 09:32:13.276155');
INSERT INTO django_admin_log VALUES(6,'1a023a3a-ab66-4e83-b3b2-ab30e5b34823','Bakery',1,'[{`added`: {}}]',8,'7d72497027344766b7fa25e6d656847d','2023-06-10 09:32:16.034338');
INSERT INTO django_admin_log VALUES(7,'9ecc251b-8b7b-4cef-a3dc-7f14188f3084','Fast Food',1,'[{`added`: {}}]',8,'7d72497027344766b7fa25e6d656847d','2023-06-10 09:32:24.096116');
INSERT INTO django_admin_log VALUES(8,'e0ff56c5-58a1-4144-811c-0eb6abe7399e','Indian',1,'[{`added`: {}}]',8,'7d72497027344766b7fa25e6d656847d','2023-06-10 09:32:25.940352');
INSERT INTO django_admin_log VALUES(9,'4e270f07-0b75-47e8-b1d3-3bf811575d5e','Rebus',1,'[{`added`: {}}]',8,'7d72497027344766b7fa25e6d656847d','2023-06-10 09:32:33.937187');
INSERT INTO django_admin_log VALUES(10,'5fa506d5-e3d6-45fb-81b0-ca66892d7886','Goreng',1,'[{`added`: {}}]',8,'7d72497027344766b7fa25e6d656847d','2023-06-10 09:32:38.599790');
INSERT INTO django_admin_log VALUES(11,'efc9a03d-1abe-4480-aa85-99dbda037aa2','Pasta',1,'[{`added`: {}}]',8,'7d72497027344766b7fa25e6d656847d','2023-06-10 09:32:57.455550');
INSERT INTO django_admin_log VALUES(12,'aa4f3549-218e-4dab-ba7b-1a51f1e083fb','Bakar',1,'[{`added`: {}}]',8,'7d72497027344766b7fa25e6d656847d','2023-06-10 09:33:10.645689');
INSERT INTO django_admin_log VALUES(13,'9b7c0b82-e756-46ae-adb3-102883970f27','Homecook',1,'[{`added`: {}}]',8,'7d72497027344766b7fa25e6d656847d','2023-06-10 09:33:13.247268');
INSERT INTO django_admin_log VALUES(14,'0bf0dc06-d861-46e7-b5d5-46246a75a648','Profesional',1,'[{`added`: {}}]',8,'7d72497027344766b7fa25e6d656847d','2023-06-10 09:33:19.959553');
INSERT INTO django_admin_log VALUES(15,'ae8727f7-565a-4d22-994b-03ac6bf77f3b','user2@u.com - user2',3,'',6,'7d72497027344766b7fa25e6d656847d','2023-06-10 09:34:07.841789');
INSERT INTO django_admin_log VALUES(16,'76cbcaf9-4944-42f9-a9a9-fec6dd55359b','user1@u.com - user1',3,'',6,'7d72497027344766b7fa25e6d656847d','2023-06-10 09:34:07.860212');
INSERT INTO django_admin_log VALUES(17,'629e22b5-f992-46cc-92a4-00571c025f0d','user1@u.com - user1',3,'',6,'7d72497027344766b7fa25e6d656847d','2023-06-10 09:48:49.653940');
INSERT INTO django_admin_log VALUES(18,'7c5845f8-df4a-43ff-98fb-ba7dfe287003','user1@u.com - user1',3,'',6,'7d72497027344766b7fa25e6d656847d','2023-06-10 09:51:40.387529');
INSERT INTO django_admin_log VALUES(19,'71efa98e-f547-443e-b1ed-e2fb1f3e418f','user1@u.com - user1',3,'',6,'7d72497027344766b7fa25e6d656847d','2023-06-10 09:54:38.886541');
INSERT INTO django_admin_log VALUES(20,'83a76cdb-413e-41b8-9ce6-059ceec3bb22','user1@u.com - user1',3,'',6,'7d72497027344766b7fa25e6d656847d','2023-06-10 09:56:40.652001');
INSERT INTO django_admin_log VALUES(21,'4f0dd0e8-4362-4354-9ea0-6a1f579b6040','user1@u.com - user1',3,'',6,'7d72497027344766b7fa25e6d656847d','2023-06-10 10:10:28.181193');
INSERT INTO django_admin_log VALUES(22,'36328d85-f56b-4456-8129-a09331ba2339','user1@u.com - user1',3,'',6,'7d72497027344766b7fa25e6d656847d','2023-06-10 15:04:48.976016');
INSERT INTO django_admin_log VALUES(23,'4870515b-23b3-4259-acc2-5e34558b5180','user1@u.com - user1',3,'',6,'7d72497027344766b7fa25e6d656847d','2023-06-10 15:08:04.895417');
INSERT INTO django_admin_log VALUES(24,'b98c3a89-9279-4a04-a295-36b894525422','user1@u.com - user1',3,'',6,'7d72497027344766b7fa25e6d656847d','2023-06-10 15:10:15.808145');
INSERT INTO django_admin_log VALUES(25,'ff0e5689-9367-4b46-a902-b9dc7da04120','user1@u.com - user1',3,'',6,'7d72497027344766b7fa25e6d656847d','2023-06-10 15:14:30.262685');
INSERT INTO django_admin_log VALUES(26,'9dd13506-2b43-4146-8389-28e85161a7ae','user2@u.com - user2',3,'',6,'7d72497027344766b7fa25e6d656847d','2023-06-10 15:14:30.280250');
INSERT INTO django_admin_log VALUES(27,'2a4ac333-1760-4dd7-bb44-535d6e3afeb4','user2@u.com - user2',3,'',6,'7d72497027344766b7fa25e6d656847d','2023-06-10 15:18:00.863834');
INSERT INTO django_admin_log VALUES(28,'4e7eb889-6127-4d02-90ac-52dd97b09544','user1@u.com - user1',3,'',6,'7d72497027344766b7fa25e6d656847d','2023-06-10 15:18:50.496059');
INSERT INTO django_admin_log VALUES(29,'c3350a54-aa20-4cda-bb2e-aab516877c30','user1@u.com - user1',3,'',6,'7d72497027344766b7fa25e6d656847d','2023-06-10 15:19:18.978416');
INSERT INTO django_admin_log VALUES(30,'d67e9e31-c466-4b47-9362-0cef596aa1be','user1@u.com - user1',3,'',6,'7d72497027344766b7fa25e6d656847d','2023-06-10 15:19:55.753923');
INSERT INTO django_admin_log VALUES(31,'85090e9b-2020-4043-b04b-3e3bfa63d328','user1@u.com - user1',3,'',6,'7d72497027344766b7fa25e6d656847d','2023-06-10 15:22:27.560878');
INSERT INTO django_admin_log VALUES(32,'7a9caf94-28d2-42e1-a904-8a1169217cd9','user1@u.com - user1',3,'',6,'7d72497027344766b7fa25e6d656847d','2023-06-10 15:26:15.955520');
INSERT INTO django_admin_log VALUES(33,'42750915-fd98-42e1-aca7-d8d11b0109d1','user1@u.com - user1',3,'',6,'7d72497027344766b7fa25e6d656847d','2023-06-10 15:26:40.214711');
INSERT INTO django_admin_log VALUES(34,'9e062e8d-ab2f-466d-b1f8-a0f5ae412866','user1@u.com - user1',3,'',6,'7d72497027344766b7fa25e6d656847d','2023-06-10 15:30:02.775826');
INSERT INTO django_admin_log VALUES(35,'eb8b0c00-0050-4f97-8158-700005db784f','user1@u.com - user1',3,'',6,'7d72497027344766b7fa25e6d656847d','2023-06-10 15:32:05.350618');
INSERT INTO django_admin_log VALUES(36,'53332c89-d6d2-4231-8441-ba55cb2f2434','user1@u.com - user1',3,'',6,'7d72497027344766b7fa25e6d656847d','2023-06-10 15:35:01.951434');
INSERT INTO django_admin_log VALUES(37,'6b484d3e-a3f7-4fd3-8ed2-453a2c814765','user1@u.com - user1',3,'',6,'7d72497027344766b7fa25e6d656847d','2023-06-10 15:35:17.615672');
INSERT INTO django_admin_log VALUES(38,'6eb3ca98-b108-476f-859d-5f69d1bb83e1','user1@u.com - user1',3,'',6,'7d72497027344766b7fa25e6d656847d','2023-06-10 15:38:19.625467');
INSERT INTO django_admin_log VALUES(39,'f7949e25-0423-4fb8-8a61-3203f3080dd4','recipe6',2,'[{`changed`: {`fields`: [`Description`]}}]',7,'7d72497027344766b7fa25e6d656847d','2023-06-10 17:27:44.386336');
INSERT INTO django_admin_log VALUES(40,'c1dc50fc-b81e-4ff0-a8b4-793a74019f9e','recipe9',2,'[]',7,'7d72497027344766b7fa25e6d656847d','2023-06-10 17:28:02.628855');
INSERT INTO django_admin_log VALUES(41,'1f51468b-15de-4507-a228-533f28349d70','recipe8',2,'[{`changed`: {`fields`: [`Description`]}}]',7,'7d72497027344766b7fa25e6d656847d','2023-06-10 17:31:21.096406');
INSERT INTO django_admin_log VALUES(42,'395afb86-4927-4253-9428-ee1be5cbaea1','recipe1',2,'[{`changed`: {`fields`: [`View`, `Fav`]}}]',7,'7d72497027344766b7fa25e6d656847d','2023-06-10 17:38:13.391147');
INSERT INTO django_admin_log VALUES(43,'dae71106-ff94-4f7a-980d-039ea092f3fc','recipe10',2,'[{`changed`: {`fields`: [`View`, `Fav`]}}]',7,'7d72497027344766b7fa25e6d656847d','2023-06-10 17:38:13.394836');
INSERT INTO django_admin_log VALUES(44,'5da3cc13-c9af-431f-b920-96e300a78177','recipe2',2,'[{`changed`: {`fields`: [`View`, `Fav`]}}]',7,'7d72497027344766b7fa25e6d656847d','2023-06-10 17:38:13.397694');
INSERT INTO django_admin_log VALUES(45,'02dfc873-b304-4499-b847-f11ad8e9ed81','recipe3',2,'[{`changed`: {`fields`: [`View`, `Fav`]}}]',7,'7d72497027344766b7fa25e6d656847d','2023-06-10 17:38:13.400787');
INSERT INTO django_admin_log VALUES(46,'3873953f-113d-4327-8cd8-da83736d0343','recipe4',2,'[{`changed`: {`fields`: [`View`]}}]',7,'7d72497027344766b7fa25e6d656847d','2023-06-10 17:38:13.403493');
INSERT INTO django_admin_log VALUES(47,'bd97816a-a6f0-490a-a6b6-22d8d686bd37','recipe5',2,'[{`changed`: {`fields`: [`View`]}}]',7,'7d72497027344766b7fa25e6d656847d','2023-06-10 17:38:13.406135');
INSERT INTO django_admin_log VALUES(48,'3f109a9c-d758-4f16-ba78-12a7e477bd04','recipe22',3,'',7,'7d72497027344766b7fa25e6d656847d','2023-06-11 18:21:49.176041');
INSERT INTO django_admin_log VALUES(49,'f7949e25-0423-4fb8-8a61-3203f3080dd4','recipe6',3,'',7,'7d72497027344766b7fa25e6d656847d','2023-06-11 18:29:07.056172');
INSERT INTO django_admin_log VALUES(50,'dae71106-ff94-4f7a-980d-039ea092f3fc','recipe10',3,'',7,'7d72497027344766b7fa25e6d656847d','2023-06-11 18:29:07.074383');
INSERT INTO django_admin_log VALUES(51,'c93e0bb2-9af4-459a-b583-74fb885f2956','recipe7',3,'',7,'7d72497027344766b7fa25e6d656847d','2023-06-11 18:29:07.080986');
INSERT INTO django_admin_log VALUES(52,'c1dc50fc-b81e-4ff0-a8b4-793a74019f9e','recipe9',3,'',7,'7d72497027344766b7fa25e6d656847d','2023-06-11 18:29:07.087779');
INSERT INTO django_admin_log VALUES(53,'bd97816a-a6f0-490a-a6b6-22d8d686bd37','recipe5',3,'',7,'7d72497027344766b7fa25e6d656847d','2023-06-11 18:29:07.094162');
INSERT INTO django_admin_log VALUES(54,'716f5f67-34bc-48ae-b7f9-a35a4a1ac63f','recipe edit reall 44',3,'',7,'7d72497027344766b7fa25e6d656847d','2023-06-11 18:29:07.100532');
INSERT INTO django_admin_log VALUES(55,'628c586a-353e-4f0f-925c-deaa25686a9f','recipe12',3,'',7,'7d72497027344766b7fa25e6d656847d','2023-06-11 18:29:07.106864');
INSERT INTO django_admin_log VALUES(56,'5da3cc13-c9af-431f-b920-96e300a78177','recipe2',3,'',7,'7d72497027344766b7fa25e6d656847d','2023-06-11 18:29:07.113235');
INSERT INTO django_admin_log VALUES(57,'582209eb-3e9e-41ed-90c1-8869be338d04','recipe edit reall 22',3,'',7,'7d72497027344766b7fa25e6d656847d','2023-06-11 18:29:07.119987');
INSERT INTO django_admin_log VALUES(58,'395afb86-4927-4253-9428-ee1be5cbaea1','recipe edit reall',3,'',7,'7d72497027344766b7fa25e6d656847d','2023-06-11 18:29:07.126628');
INSERT INTO django_admin_log VALUES(59,'3873953f-113d-4327-8cd8-da83736d0343','recipe4',3,'',7,'7d72497027344766b7fa25e6d656847d','2023-06-11 18:29:07.133011');
INSERT INTO django_admin_log VALUES(60,'1f51468b-15de-4507-a228-533f28349d70','recipe8',3,'',7,'7d72497027344766b7fa25e6d656847d','2023-06-11 18:29:07.140245');
INSERT INTO django_admin_log VALUES(61,'02dfc873-b304-4499-b847-f11ad8e9ed81','recipe3',3,'',7,'7d72497027344766b7fa25e6d656847d','2023-06-11 18:29:07.147306');
INSERT INTO django_admin_log VALUES(62,'a2738577-2771-4b04-8fd1-11f4ecf76e48','resep 1',3,'',7,'7d72497027344766b7fa25e6d656847d','2023-06-11 19:22:31.659256');
INSERT INTO django_admin_log VALUES(63,'42ac0ce0-606d-4863-b48a-ed297ca7e402','resep 1',3,'',7,'7d72497027344766b7fa25e6d656847d','2023-06-11 19:25:08.359767');
INSERT INTO django_admin_log VALUES(64,'fe9ac96b-31e0-46e2-9b98-867480091352','resep 1',3,'',7,'7d72497027344766b7fa25e6d656847d','2023-06-11 19:25:54.204889');
INSERT INTO django_admin_log VALUES(65,'61891a3b-d3b9-4228-bc92-13b55b9da908','resep 1',3,'',7,'7d72497027344766b7fa25e6d656847d','2023-06-11 19:27:05.868718');
INSERT INTO django_admin_log VALUES(66,'e7b311b6-3bba-466f-9fa3-aeef53a1f0b6','resep 1',3,'',7,'7d72497027344766b7fa25e6d656847d','2023-06-11 19:28:51.141891');
INSERT INTO django_admin_log VALUES(67,'77b44295-ea93-4a38-a024-4a6b067d2d7e','resep 1',3,'',7,'7d72497027344766b7fa25e6d656847d','2023-06-11 19:29:31.782972');
INSERT INTO django_admin_log VALUES(68,'af773e6f-fea4-4c3a-8a53-971bf2876fc6','resep 1',3,'',7,'7d72497027344766b7fa25e6d656847d','2023-06-11 19:30:06.107346');
INSERT INTO django_admin_log VALUES(69,'418d56ec-69ed-4366-91d2-4725b2db4cd7','resep 1',3,'',7,'7d72497027344766b7fa25e6d656847d','2023-06-11 19:30:28.183971');
INSERT INTO django_admin_log VALUES(70,'36253cbf-0b8a-4c11-8341-671ff99d00f1','resep 1',3,'',7,'7d72497027344766b7fa25e6d656847d','2023-06-11 19:31:10.694603');
INSERT INTO django_admin_log VALUES(71,'70144481-a2c3-46d1-8891-06598a05271c','resep 1',3,'',7,'7d72497027344766b7fa25e6d656847d','2023-06-11 19:49:51.277247');
INSERT INTO django_admin_log VALUES(72,'0ca3d98c-4785-44c9-bcba-e939c06a1b3d','resep 1',3,'',7,'7d72497027344766b7fa25e6d656847d','2023-06-11 19:57:00.208725');
INSERT INTO django_admin_log VALUES(73,'d92c1bab-5bea-4933-95a9-c097f7404448','Rendang',3,'',7,'7d72497027344766b7fa25e6d656847d','2023-06-11 20:00:03.293108');
INSERT INTO django_admin_log VALUES(74,'f898157f-6bd6-42f8-bffd-22e2c6d912aa','Rendang',3,'',7,'7d72497027344766b7fa25e6d656847d','2023-06-11 20:02:11.915509');
INSERT INTO django_admin_log VALUES(75,'d4677c25-fc3d-4ecb-bde9-c920597d498e','Rendang',3,'',7,'7d72497027344766b7fa25e6d656847d','2023-06-11 20:02:52.517637');
INSERT INTO django_admin_log VALUES(76,'de210c64-13a0-40f5-95aa-1498a7c20fc5','Rendang',3,'',7,'7d72497027344766b7fa25e6d656847d','2023-06-11 20:03:54.975636');
INSERT INTO django_admin_log VALUES(77,'7722353c-9b72-49a8-b769-4ba65d048d65','Rendang',3,'',7,'7d72497027344766b7fa25e6d656847d','2023-06-11 20:04:49.312580');
INSERT INTO django_admin_log VALUES(78,'075d9834-0ce3-4cca-9d3b-652ca58d4898','Rendang',3,'',7,'7d72497027344766b7fa25e6d656847d','2023-06-11 20:06:53.452774');
INSERT INTO django_admin_log VALUES(79,'cc6e2b8e-f4f1-4052-bdf0-2c460263dab3','Rendang',3,'',7,'7d72497027344766b7fa25e6d656847d','2023-06-11 20:07:46.981350');
INSERT INTO django_admin_log VALUES(80,'8eeaa754-cc5d-48c6-b85d-e93f9c9313bf','Rendang',3,'',7,'7d72497027344766b7fa25e6d656847d','2023-06-11 20:08:39.509543');
INSERT INTO django_admin_log VALUES(81,'c1488917-7ab1-4079-bdec-64b1938ba99a','Rendang',3,'',7,'7d72497027344766b7fa25e6d656847d','2023-06-11 20:10:31.639263');
INSERT INTO django_admin_log VALUES(82,'c7c053eb-5865-43bc-b741-f7ddf4f9d33d','Rendang',3,'',7,'7d72497027344766b7fa25e6d656847d','2023-06-11 20:11:40.235833');
INSERT INTO django_admin_log VALUES(83,'496dae15-e4cf-43bf-adcf-b2f8857821f9','Rendang',3,'',7,'7d72497027344766b7fa25e6d656847d','2023-06-11 20:12:24.194847');
INSERT INTO django_admin_log VALUES(84,'c877649c-09c2-4cc7-afb5-cdc8d5144246','Rendang',3,'',7,'7d72497027344766b7fa25e6d656847d','2023-06-11 20:15:16.345270');
INSERT INTO django_admin_log VALUES(85,'ce627947-06e0-40ee-8e09-3450a97f9df5','Rendang',3,'',7,'7d72497027344766b7fa25e6d656847d','2023-06-11 20:15:58.497925');
INSERT INTO django_admin_log VALUES(86,'1227165d-0e9f-4e89-b766-bb99baea5665','Rendang',3,'',7,'7d72497027344766b7fa25e6d656847d','2023-06-11 20:16:10.137689');
INSERT INTO django_admin_log VALUES(87,'860231c1-853d-419a-ae9b-35e3c56cc7c2','Rendang',3,'',7,'7d72497027344766b7fa25e6d656847d','2023-06-11 20:17:08.208977');
INSERT INTO django_admin_log VALUES(88,'c24885ef-cb70-4ed8-9aa3-f92659021adf','Rendang',3,'',7,'7d72497027344766b7fa25e6d656847d','2023-06-11 20:19:18.001185');
INSERT INTO django_admin_log VALUES(89,'ba4d04ff-2032-422f-bfc4-bc7d6b6e2821','Rendang',3,'',7,'7d72497027344766b7fa25e6d656847d','2023-06-11 20:25:53.887161');
INSERT INTO django_admin_log VALUES(90,'3866fdf7-16d7-4f65-9fe7-98e66a405cf6','Rendang',3,'',7,'7d72497027344766b7fa25e6d656847d','2023-06-11 20:27:04.773672');
INSERT INTO django_admin_log VALUES(91,'ba672149-38d3-4cbd-b07d-d9910c3c12d4','Rendang',3,'',7,'7d72497027344766b7fa25e6d656847d','2023-06-11 20:28:00.649223');
INSERT INTO django_admin_log VALUES(92,'ea0d46c9-51b5-4acf-8fac-924b4acdd30d','Rendang 2',3,'',7,'7d72497027344766b7fa25e6d656847d','2023-06-12 07:48:21.787954');
INSERT INTO django_admin_log VALUES(93,'9acae5c0-defb-4453-b753-c7b64772dddc','nikmati',3,'',10,'7d72497027344766b7fa25e6d656847d','2023-06-12 07:49:03.423598');
INSERT INTO django_admin_log VALUES(94,'7f24d35e-56ed-48c9-910c-9353a779014a','Rebus daging sapi',3,'',10,'7d72497027344766b7fa25e6d656847d','2023-06-12 07:49:03.429150');
INSERT INTO django_admin_log VALUES(95,'5d27b3cd-da64-400f-a785-cbe884beb8bd','tuang bumbu',3,'',10,'7d72497027344766b7fa25e6d656847d','2023-06-12 07:49:03.434291');
INSERT INTO django_admin_log VALUES(96,'4dafcd75-b6f8-4e3f-aaf3-ac8e02083bde','masak daging sapi',3,'',10,'7d72497027344766b7fa25e6d656847d','2023-06-12 07:49:03.439785');
INSERT INTO django_admin_log VALUES(97,'46fd0daa-e95c-4976-b5fd-afa5a18aa661','tuang bumbu',3,'',10,'7d72497027344766b7fa25e6d656847d','2023-06-12 07:49:03.445305');
INSERT INTO django_admin_log VALUES(98,'268ef44c-b895-4b2e-b6fa-3f1d47c88cb6','Rebus daging kambisng',3,'',10,'7d72497027344766b7fa25e6d656847d','2023-06-12 07:49:03.451016');
INSERT INTO django_admin_log VALUES(99,'002a7299-8463-4ffd-9ab6-f913194a80c4','nikmati',3,'',10,'7d72497027344766b7fa25e6d656847d','2023-06-12 07:49:03.455864');
INSERT INTO django_admin_log VALUES(100,'001bbecc-cf03-4713-b4ed-7b23a4e939a2','masak daging sapi',3,'',10,'7d72497027344766b7fa25e6d656847d','2023-06-12 07:49:03.460563');
INSERT INTO django_admin_log VALUES(101,'1ddbf3a9-7be9-4879-96fd-91c7f6c2f1d8','Rendang 2',3,'',7,'7d72497027344766b7fa25e6d656847d','2023-06-12 07:49:12.533624');
INSERT INTO django_admin_log VALUES(102,'105ff1b7-74c6-43ad-bc89-a62bbfda0f8c','Rendang 1 edit',3,'',7,'7d72497027344766b7fa25e6d656847d','2023-06-12 07:49:12.551525');
INSERT INTO django_admin_log VALUES(103,'7d5aa9ef-8a3d-4abd-aba4-394d45e836d7','user3@u.com - user3',3,'',6,'7d72497027344766b7fa25e6d656847d','2023-06-12 14:08:26.170746');
INSERT INTO django_admin_log VALUES(104,'bcf8b965-9379-41c5-bf01-4d5661f4eb5c','user3@u.com - user3',3,'',6,'7d72497027344766b7fa25e6d656847d','2023-06-12 14:12:42.327189');
INSERT INTO django_admin_log VALUES(105,'a8700680-f594-4aae-8f53-b3ba189e1a72','Rendang 2',2,'[{`changed`: {`fields`: [`View`]}}]',7,'7d72497027344766b7fa25e6d656847d','2023-06-30 17:14:47.329367');
INSERT INTO django_admin_log VALUES(106,'a8700680-f594-4aae-8f53-b3ba189e1a72','Rendang 2',2,'[{`changed`: {`fields`: [`Image`, `User`]}}]',7,'7d72497027344766b7fa25e6d656847d','2023-06-30 17:18:09.982147');
INSERT INTO django_admin_log VALUES(107,'e284cf9f-0dbc-4b7c-80a8-e0713523c8a5','user100@u.com - user100',2,'[{`changed`: {`fields`: [`Favorite`]}}]',6,'7d72497027344766b7fa25e6d656847d','2023-06-30 17:46:37.750213');
INSERT INTO django_admin_log VALUES(108,'e284cf9f-0dbc-4b7c-80a8-e0713523c8a5','user100@u.com - user100',2,'[{`changed`: {`fields`: [`Favorite`]}}]',6,'7d72497027344766b7fa25e6d656847d','2023-06-30 17:56:22.225406');
INSERT INTO django_admin_log VALUES(109,'e284cf9f-0dbc-4b7c-80a8-e0713523c8a5','user100@u.com - user100',2,'[{`changed`: {`fields`: [`Favorite`]}}]',6,'7d72497027344766b7fa25e6d656847d','2023-06-30 17:56:29.223567');
INSERT INTO django_admin_log VALUES(110,'ebe18b80-3db7-48a4-9cff-b67321b46d71','Perbuatan Ayahku',2,'[{`changed`: {`fields`: [`User`]}}]',7,'7d72497027344766b7fa25e6d656847d','2023-06-30 19:05:38.705436');
INSERT INTO django_admin_log VALUES(111,'dde3f7ac-c7fd-4fe4-aff6-06b1dec775d7','Penyetan Kontol',2,'[{`changed`: {`fields`: [`User`]}}]',7,'7d72497027344766b7fa25e6d656847d','2023-06-30 19:05:38.708995');
INSERT INTO django_admin_log VALUES(112,'acd3252d-b282-4e61-b40d-c372ea2c001b','Mamamu Kupake',2,'[{`changed`: {`fields`: [`User`]}}]',7,'7d72497027344766b7fa25e6d656847d','2023-06-30 19:05:38.711810');
INSERT INTO django_admin_log VALUES(113,'a8700680-f594-4aae-8f53-b3ba189e1a72','Rendang',2,'[{`changed`: {`fields`: [`View`, `User`]}}]',7,'7d72497027344766b7fa25e6d656847d','2023-06-30 19:05:38.714506');
INSERT INTO django_admin_log VALUES(114,'72149903-a2d7-4c2b-8215-e3a2638cb548','Rica-rica Kuku',2,'[{`changed`: {`fields`: [`User`]}}]',7,'7d72497027344766b7fa25e6d656847d','2023-06-30 19:05:38.717198');
INSERT INTO django_admin_log VALUES(115,'427bc7ec-2234-46b6-bb26-91bb7a842f07','Banteng Goreng',2,'[{`changed`: {`fields`: [`User`]}}]',7,'7d72497027344766b7fa25e6d656847d','2023-06-30 19:05:38.719897');
INSERT INTO django_admin_log VALUES(116,'17d7f6c2-6d7b-4ce6-8e94-91b81356d2a8','Oseng Daki',2,'[{`changed`: {`fields`: [`User`]}}]',7,'7d72497027344766b7fa25e6d656847d','2023-06-30 19:05:38.722577');
INSERT INTO django_admin_log VALUES(117,'a8700680-f594-4aae-8f53-b3ba189e1a72','Rendang',2,'[{`changed`: {`fields`: [`View`]}}]',7,'7d72497027344766b7fa25e6d656847d','2023-06-30 19:07:16.181611');
INSERT INTO django_admin_log VALUES(118,'e284cf9f-0dbc-4b7c-80a8-e0713523c8a5','user100@u.com - user100',2,'[{`changed`: {`fields`: [`Favorite`, `Last view`]}}]',6,'7d72497027344766b7fa25e6d656847d','2023-06-30 19:09:10.134571');
INSERT INTO django_admin_log VALUES(119,'91836dae-0dc0-4190-90e3-63962c7effd4','Mamamu Kupake',3,'',7,'7d72497027344766b7fa25e6d656847d','2023-06-30 19:12:05.155239');
INSERT INTO django_admin_log VALUES(120,'60cea697-113f-4501-8e4b-99c8f86d501c','user101@u.com - user101',2,'[{`changed`: {`fields`: [`Favorite`]}}]',6,'7d72497027344766b7fa25e6d656847d','2023-06-30 19:12:40.531324');
INSERT INTO django_admin_log VALUES(121,'60cea697-113f-4501-8e4b-99c8f86d501c','user101@u.com - user101',2,'[{`changed`: {`fields`: [`Favorite`]}}]',6,'7d72497027344766b7fa25e6d656847d','2023-06-30 19:14:46.455330');
INSERT INTO django_admin_log VALUES(122,'60cea697-113f-4501-8e4b-99c8f86d501c','user101@u.com - user101',2,'[{`changed`: {`fields`: [`Favorite`]}}]',6,'7d72497027344766b7fa25e6d656847d','2023-06-30 19:16:39.883565');
CREATE TABLE IF NOT EXISTS `django_session` (`session_key` varchar(40) NOT NULL PRIMARY KEY, `session_data` varchars NOT NULL, `expire_date` datetime NOT NULL);
INSERT INTO django_session VALUES('t1fj6rraf0w4h44ks2ikc5s13d10i9ne','.eJxVjksOgzAMBe-SdYNIMHbSZfc9A0rsuPQjkPisqt69ILFo129m9N6mS-vSd-tcpu4u5mxIyEOk2npqwAIh2kyarG8LCrYYgMScfrWc-FmG3ZVHGm5jxeOwTPdc7Uh1rHN1HaW8Lgf7F-jT3G92U9RxKo5ZYlYsHlwKGhQBM3EgiCWoRwau26TKIpEUINN2tHURzecLl2NBJA:1q7rVI:OeHRU3KXshIQLZz6PjQp4lmbSAxY_E8r7QDKFUd4F0E','2023-06-24 05:51:12.695773');
INSERT INTO django_session VALUES('hgstq6samh8zvgwbiknweqkh5zmvdwfo','.eJxVjksOgzAMBe-SdYNIMHbSZfc9A0rsuPQjkPisqt69ILFo129m9N6mS-vSd-tcpu4u5mxIyEOk2npqwAIh2kyarG8LCrYYgMScfrWc-FmG3ZVHGm5jxeOwTPdc7Uh1rHN1HaW8Lgf7F-jT3G92U9RxKo5ZYlYsHlwKGhQBM3EgiCWoRwau26TKIpEUINN2tHURzecLl2NBJA:1qE7Pc:nWj_ty-lsJGxBHr1ZnASJjoUd-ZN3gCBRHzSe337zB0','2023-07-11 12:03:12.635965');
CREATE TABLE IF NOT EXISTS `account_interest` (`id` char(32) NOT NULL PRIMARY KEY, `interest` varchar(255) NULL);
INSERT INTO account_interest VALUES('42c4c508ac7042e281ef0fd47ec7a6bd','Seafood');
INSERT INTO account_interest VALUES('f8e5faeb42314c67a83ac6e9aaf5fc80','Japanese');
INSERT INTO account_interest VALUES('7a1f423183694968b3f3b1bce9495171','Non Susu');
INSERT INTO account_interest VALUES('67bd69820bc64f4ca16997a5fda155de','Sayuran');
INSERT INTO account_interest VALUES('1a023a3aab664e83b3b2ab30e5b34823','Bakery');
INSERT INTO account_interest VALUES('9ecc251b8b7b4cefa3dc7f14188f3084','Fast Food');
INSERT INTO account_interest VALUES('e0ff56c558a14144811c0eb6abe7399e','Indian');
INSERT INTO account_interest VALUES('4e270f070b7547e8b1d33bf811575d5e','Rebus');
INSERT INTO account_interest VALUES('5fa506d5e3d645fb81b0ca66892d7886','Goreng');
INSERT INTO account_interest VALUES('efc9a03d1abe4480aa8599dbda037aa2','Pasta');
INSERT INTO account_interest VALUES('aa4f3549218e4dabba7b1a51f1e083fb','Bakar');
INSERT INTO account_interest VALUES('9b7c0b82e75646aeadb3102883970f27','Homecook');
INSERT INTO account_interest VALUES('0bf0dc06d86146e7b5d546246a75a648','Profesional');
CREATE TABLE IF NOT EXISTS `account_user_interest` (`id` integer NOT NULL PRIMARY KEY  AUTO_INCREMENT, `user_id` char(32) NOT NULL REFERENCES `account_user` (`id`) DEFERRABLE INITIALLY DEFERRED, `interest_id` char(32) NOT NULL REFERENCES `account_interest` (`id`) DEFERRABLE INITIALLY DEFERRED);
INSERT INTO account_user_interest VALUES(45,'8114a3824fe14b90a9534aba4bf02cee','42c4c508ac7042e281ef0fd47ec7a6bd');
INSERT INTO account_user_interest VALUES(46,'8114a3824fe14b90a9534aba4bf02cee','0bf0dc06d86146e7b5d546246a75a648');
INSERT INTO account_user_interest VALUES(47,'8114a3824fe14b90a9534aba4bf02cee','9b7c0b82e75646aeadb3102883970f27');
INSERT INTO account_user_interest VALUES(48,'b901eb277081420984f46615f9119be2','42c4c508ac7042e281ef0fd47ec7a6bd');
INSERT INTO account_user_interest VALUES(49,'b901eb277081420984f46615f9119be2','0bf0dc06d86146e7b5d546246a75a648');
INSERT INTO account_user_interest VALUES(50,'b901eb277081420984f46615f9119be2','9b7c0b82e75646aeadb3102883970f27');
INSERT INTO account_user_interest VALUES(51,'50ec0372836148558ad50cc68754ed4b','efc9a03d1abe4480aa8599dbda037aa2');
INSERT INTO account_user_interest VALUES(52,'50ec0372836148558ad50cc68754ed4b','e0ff56c558a14144811c0eb6abe7399e');
INSERT INTO account_user_interest VALUES(53,'1a49203fa42d4707a8280c82033ee88a','efc9a03d1abe4480aa8599dbda037aa2');
INSERT INTO account_user_interest VALUES(54,'1a49203fa42d4707a8280c82033ee88a','e0ff56c558a14144811c0eb6abe7399e');
INSERT INTO account_user_interest VALUES(55,'e284cf9f0dbc4b7c80a8e0713523c8a5','efc9a03d1abe4480aa8599dbda037aa2');
INSERT INTO account_user_interest VALUES(56,'e284cf9f0dbc4b7c80a8e0713523c8a5','e0ff56c558a14144811c0eb6abe7399e');
INSERT INTO account_user_interest VALUES(57,'60cea697113f45018e4b99c8f86d501c','efc9a03d1abe4480aa8599dbda037aa2');
INSERT INTO account_user_interest VALUES(58,'60cea697113f45018e4b99c8f86d501c','e0ff56c558a14144811c0eb6abe7399e');
CREATE TABLE IF NOT EXISTS `recipe_recipe` (`id` char(32) NOT NULL PRIMARY KEY, `name` varchar(50) NOT NULL, `description` varchar(200) NOT NULL, `image` varchar(100) NOT NULL, `user_id` char(32) NOT NULL REFERENCES `account_user` (`id`) DEFERRABLE INITIALLY DEFERRED, `fav` integer NOT NULL, `view` integer NOT NULL, `calories` integer NOT NULL, `difficulty` varchar(10) NOT NULL, `duration` integer NOT NULL, `portion` integer NOT NULL, `updated_at` datetime NULL);
INSERT INTO recipe_recipe VALUES('a8700680f5944aae8f53b3ba189e1a72','Rendang','deskripsi resep 2 edit','recipe-images/man.png','50ec0372836148558ad50cc68754ed4b',1,2,2000,'Pro',95,20,NULL);
INSERT INTO recipe_recipe VALUES('427bc7ec223446b6bb2691bb7a842f07','Banteng Goreng','deskripsi resep 3','','1a49203fa42d4707a8280c82033ee88a',0,0,6969,'Pro',46,12,NULL);
INSERT INTO recipe_recipe VALUES('dde3f7acc7fd4fe4aff606b1dec775d7','Penyetan Kontol','deskripsi resep 4','','50ec0372836148558ad50cc68754ed4b',0,0,9000,'Pro',69,2,NULL);
INSERT INTO recipe_recipe VALUES('17d7f6c26d7b4ce68e9491b81356d2a8','Oseng Daki','deskripsi resep 5','','1a49203fa42d4707a8280c82033ee88a',0,0,9910,'Pro',79,4,NULL);
INSERT INTO recipe_recipe VALUES('72149903a2d74c2b8215e3a2638cb548','Rica-rica Kuku','deskripsi resep 6','','50ec0372836148558ad50cc68754ed4b',0,0,6876,'Pemula',9000,90,NULL);
INSERT INTO recipe_recipe VALUES('ebe18b803db748a49cffb67321b46d71','Perbuatan Ayahku','deskripsi resep 7','','50ec0372836148558ad50cc68754ed4b',0,0,66,'Pemula',90,10,NULL);
INSERT INTO recipe_recipe VALUES('acd3252db2824e61b40dc372ea2c001b','Mamamu Kupake','deskripsi resep 8','','50ec0372836148558ad50cc68754ed4b',0,0,6436,'Pemula',950,19,NULL);
CREATE TABLE IF NOT EXISTS `recipe_recipe_ingredient` (`id` integer NOT NULL PRIMARY KEY  AUTO_INCREMENT, `recipe_id` char(32) NOT NULL REFERENCES `recipe_recipe` (`id`) DEFERRABLE INITIALLY DEFERRED, `ingredient_id` char(32) NOT NULL REFERENCES `recipe_ingredient` (`id`) DEFERRABLE INITIALLY DEFERRED);
INSERT INTO recipe_recipe_ingredient VALUES(110,'427bc7ec223446b6bb2691bb7a842f07','aae543aa347d428393249a88a1db1e4f');
INSERT INTO recipe_recipe_ingredient VALUES(111,'427bc7ec223446b6bb2691bb7a842f07','d87aac7702a94910becb8a58b63ce972');
INSERT INTO recipe_recipe_ingredient VALUES(112,'427bc7ec223446b6bb2691bb7a842f07','f354e7e4ac0e4d0da7fd552f4ded7b6f');
INSERT INTO recipe_recipe_ingredient VALUES(113,'dde3f7acc7fd4fe4aff606b1dec775d7','4d370626351d4950be90e15431c8787e');
INSERT INTO recipe_recipe_ingredient VALUES(114,'dde3f7acc7fd4fe4aff606b1dec775d7','0513e34f0fb14e68981dab05d7d5e873');
INSERT INTO recipe_recipe_ingredient VALUES(115,'dde3f7acc7fd4fe4aff606b1dec775d7','19158bd048bd4a77a4ca517ea71f6bab');
INSERT INTO recipe_recipe_ingredient VALUES(116,'17d7f6c26d7b4ce68e9491b81356d2a8','56e7090395ca4664a1746216a2725509');
INSERT INTO recipe_recipe_ingredient VALUES(117,'17d7f6c26d7b4ce68e9491b81356d2a8','c53514f4470444d88eb7a471a3bf0e29');
INSERT INTO recipe_recipe_ingredient VALUES(118,'17d7f6c26d7b4ce68e9491b81356d2a8','03534207fdbc4ceda00c4e682899a493');
INSERT INTO recipe_recipe_ingredient VALUES(119,'72149903a2d74c2b8215e3a2638cb548','bffaea29f53c44a5ad01ea5eb0d3b496');
INSERT INTO recipe_recipe_ingredient VALUES(120,'72149903a2d74c2b8215e3a2638cb548','e9cdd8b2aaad4b14b63b42328fb0b5ab');
INSERT INTO recipe_recipe_ingredient VALUES(121,'72149903a2d74c2b8215e3a2638cb548','113391aac7ba4b53ae47c3ac82dc3017');
INSERT INTO recipe_recipe_ingredient VALUES(122,'ebe18b803db748a49cffb67321b46d71','155d46c3662742b3af0bd253e9610b7e');
INSERT INTO recipe_recipe_ingredient VALUES(123,'ebe18b803db748a49cffb67321b46d71','4744690e9ece4e179f04482505fc88d0');
INSERT INTO recipe_recipe_ingredient VALUES(124,'ebe18b803db748a49cffb67321b46d71','3055140367a54f96a07af82f8442e58d');
INSERT INTO recipe_recipe_ingredient VALUES(125,'acd3252db2824e61b40dc372ea2c001b','742557e07e8542f0ab9038ad2a3e6cbd');
INSERT INTO recipe_recipe_ingredient VALUES(126,'acd3252db2824e61b40dc372ea2c001b','1f4ca7e085eb42a88f0b8642f1fc45f9');
INSERT INTO recipe_recipe_ingredient VALUES(127,'acd3252db2824e61b40dc372ea2c001b','05c07892cda54d3d9f6e2a6f2f17235e');
INSERT INTO recipe_recipe_ingredient VALUES(128,'a8700680f5944aae8f53b3ba189e1a72','0b2f0b538b284a97b0726100ba809252');
INSERT INTO recipe_recipe_ingredient VALUES(129,'a8700680f5944aae8f53b3ba189e1a72','75a7479569a04f3abe8688ba8b645076');
INSERT INTO recipe_recipe_ingredient VALUES(130,'a8700680f5944aae8f53b3ba189e1a72','972f04e92c2c480fb44651d4618c13f2');
CREATE TABLE IF NOT EXISTS `recipe_recipe_method` (`id` integer NOT NULL PRIMARY KEY  AUTO_INCREMENT, `recipe_id` char(32) NOT NULL REFERENCES `recipe_recipe` (`id`) DEFERRABLE INITIALLY DEFERRED, `method_id` char(32) NOT NULL REFERENCES `recipe_method` (`id`) DEFERRABLE INITIALLY DEFERRED);
INSERT INTO recipe_recipe_method VALUES(149,'427bc7ec223446b6bb2691bb7a842f07','9d0129889edd46f087395756ffe0720d');
INSERT INTO recipe_recipe_method VALUES(150,'427bc7ec223446b6bb2691bb7a842f07','c87d1748dbfe457ba9080d3d79807cd4');
INSERT INTO recipe_recipe_method VALUES(151,'427bc7ec223446b6bb2691bb7a842f07','5b172946ec214bdf8c0aefebd992d02f');
INSERT INTO recipe_recipe_method VALUES(152,'427bc7ec223446b6bb2691bb7a842f07','b4c43b7d11ff4a8991ea3799bfcfed7d');
INSERT INTO recipe_recipe_method VALUES(153,'dde3f7acc7fd4fe4aff606b1dec775d7','7b91343cc43f4b5fbdf648a3520e7eaa');
INSERT INTO recipe_recipe_method VALUES(154,'dde3f7acc7fd4fe4aff606b1dec775d7','4ec3fbd77bf8477fa83f0c0ce637829c');
INSERT INTO recipe_recipe_method VALUES(155,'dde3f7acc7fd4fe4aff606b1dec775d7','7b5584897ec44678941581b25e317e01');
INSERT INTO recipe_recipe_method VALUES(156,'dde3f7acc7fd4fe4aff606b1dec775d7','2fc9e1c17df646c09e810f0bec99bfe1');
INSERT INTO recipe_recipe_method VALUES(157,'17d7f6c26d7b4ce68e9491b81356d2a8','12ba95e9351147ac98a86bde659640fb');
INSERT INTO recipe_recipe_method VALUES(158,'17d7f6c26d7b4ce68e9491b81356d2a8','3cce679652e24d6cabe46b1634f533ce');
INSERT INTO recipe_recipe_method VALUES(159,'17d7f6c26d7b4ce68e9491b81356d2a8','925003732837423eabf7a6989edcf5c1');
INSERT INTO recipe_recipe_method VALUES(160,'17d7f6c26d7b4ce68e9491b81356d2a8','e4e504d998a548f7a81c0ebb2f6b941a');
INSERT INTO recipe_recipe_method VALUES(161,'72149903a2d74c2b8215e3a2638cb548','ae36a047ec3d4e9ea73891c298d9f9e6');
INSERT INTO recipe_recipe_method VALUES(162,'72149903a2d74c2b8215e3a2638cb548','8aedbea6c39943cca15d19b321af2f08');
INSERT INTO recipe_recipe_method VALUES(163,'72149903a2d74c2b8215e3a2638cb548','f17ce634bfc94d51864df574fb5ccc4d');
INSERT INTO recipe_recipe_method VALUES(164,'72149903a2d74c2b8215e3a2638cb548','8912af32f4f0412ea4c938401af79e03');
INSERT INTO recipe_recipe_method VALUES(165,'ebe18b803db748a49cffb67321b46d71','54744b227b9645258c538fb1f9e6310b');
INSERT INTO recipe_recipe_method VALUES(166,'ebe18b803db748a49cffb67321b46d71','f83a20043b7a40a2b460eefc1ca28c58');
INSERT INTO recipe_recipe_method VALUES(167,'ebe18b803db748a49cffb67321b46d71','1dbb3ffb5cdd450091fe320168ea4a1f');
INSERT INTO recipe_recipe_method VALUES(168,'ebe18b803db748a49cffb67321b46d71','9098fe30811c4c75b9b47f6dba7e743c');
INSERT INTO recipe_recipe_method VALUES(169,'acd3252db2824e61b40dc372ea2c001b','c452be75a8004815b5f5220091ab179f');
INSERT INTO recipe_recipe_method VALUES(170,'acd3252db2824e61b40dc372ea2c001b','b5134ba649be4b419983a184f80275af');
INSERT INTO recipe_recipe_method VALUES(171,'acd3252db2824e61b40dc372ea2c001b','0616d9d7500e4903b5663ea7179f7d68');
INSERT INTO recipe_recipe_method VALUES(172,'acd3252db2824e61b40dc372ea2c001b','a992d71adaf34b67bf671ee56d3a01ad');
INSERT INTO recipe_recipe_method VALUES(173,'a8700680f5944aae8f53b3ba189e1a72','30b07877a3a9453da0b65a13e4225c66');
INSERT INTO recipe_recipe_method VALUES(174,'a8700680f5944aae8f53b3ba189e1a72','1145f7fd1a174e63a7be35fe0d2dc4d7');
INSERT INTO recipe_recipe_method VALUES(175,'a8700680f5944aae8f53b3ba189e1a72','e68ea18cd8464e2fb7f6fca123d82922');
INSERT INTO recipe_recipe_method VALUES(176,'a8700680f5944aae8f53b3ba189e1a72','ca909c7acd784e7fac50ec36f33e8d50');
CREATE TABLE IF NOT EXISTS `recipe_method` (`id` char(32) NOT NULL PRIMARY KEY, `method_varchars` varchars NOT NULL, `recipe_fk_id` char(32) NOT NULL REFERENCES `recipe_recipe` (`id`) DEFERRABLE INITIALLY DEFERRED, `number` integer NOT NULL);
INSERT INTO recipe_method VALUES('9d0129889edd46f087395756ffe0720d','Rebus daging sapi','427bc7ec223446b6bb2691bb7a842f07',1);
INSERT INTO recipe_method VALUES('c87d1748dbfe457ba9080d3d79807cd4','masak daging sapi','427bc7ec223446b6bb2691bb7a842f07',2);
INSERT INTO recipe_method VALUES('5b172946ec214bdf8c0aefebd992d02f','tuang bumbu','427bc7ec223446b6bb2691bb7a842f07',3);
INSERT INTO recipe_method VALUES('b4c43b7d11ff4a8991ea3799bfcfed7d','nikmati','427bc7ec223446b6bb2691bb7a842f07',4);
INSERT INTO recipe_method VALUES('7b91343cc43f4b5fbdf648a3520e7eaa','Rebus daging sapi','dde3f7acc7fd4fe4aff606b1dec775d7',1);
INSERT INTO recipe_method VALUES('4ec3fbd77bf8477fa83f0c0ce637829c','masak daging sapi','dde3f7acc7fd4fe4aff606b1dec775d7',2);
INSERT INTO recipe_method VALUES('7b5584897ec44678941581b25e317e01','tuang bumbu','dde3f7acc7fd4fe4aff606b1dec775d7',3);
INSERT INTO recipe_method VALUES('2fc9e1c17df646c09e810f0bec99bfe1','nikmati','dde3f7acc7fd4fe4aff606b1dec775d7',4);
INSERT INTO recipe_method VALUES('12ba95e9351147ac98a86bde659640fb','Rebus daging sapi','17d7f6c26d7b4ce68e9491b81356d2a8',1);
INSERT INTO recipe_method VALUES('3cce679652e24d6cabe46b1634f533ce','masak daging sapi','17d7f6c26d7b4ce68e9491b81356d2a8',2);
INSERT INTO recipe_method VALUES('925003732837423eabf7a6989edcf5c1','tuang bumbu','17d7f6c26d7b4ce68e9491b81356d2a8',3);
INSERT INTO recipe_method VALUES('e4e504d998a548f7a81c0ebb2f6b941a','nikmati','17d7f6c26d7b4ce68e9491b81356d2a8',4);
INSERT INTO recipe_method VALUES('ae36a047ec3d4e9ea73891c298d9f9e6','Rebus daging sapi','72149903a2d74c2b8215e3a2638cb548',1);
INSERT INTO recipe_method VALUES('8aedbea6c39943cca15d19b321af2f08','masak daging sapi','72149903a2d74c2b8215e3a2638cb548',2);
INSERT INTO recipe_method VALUES('f17ce634bfc94d51864df574fb5ccc4d','tuang bumbu','72149903a2d74c2b8215e3a2638cb548',3);
INSERT INTO recipe_method VALUES('8912af32f4f0412ea4c938401af79e03','nikmati','72149903a2d74c2b8215e3a2638cb548',4);
INSERT INTO recipe_method VALUES('54744b227b9645258c538fb1f9e6310b','Rebus daging sapi','ebe18b803db748a49cffb67321b46d71',1);
INSERT INTO recipe_method VALUES('f83a20043b7a40a2b460eefc1ca28c58','masak daging sapi','ebe18b803db748a49cffb67321b46d71',2);
INSERT INTO recipe_method VALUES('1dbb3ffb5cdd450091fe320168ea4a1f','tuang bumbu','ebe18b803db748a49cffb67321b46d71',3);
INSERT INTO recipe_method VALUES('9098fe30811c4c75b9b47f6dba7e743c','nikmati','ebe18b803db748a49cffb67321b46d71',4);
INSERT INTO recipe_method VALUES('c452be75a8004815b5f5220091ab179f','Rebus daging sapi','acd3252db2824e61b40dc372ea2c001b',1);
INSERT INTO recipe_method VALUES('b5134ba649be4b419983a184f80275af','masak daging sapi','acd3252db2824e61b40dc372ea2c001b',2);
INSERT INTO recipe_method VALUES('0616d9d7500e4903b5663ea7179f7d68','tuang bumbu','acd3252db2824e61b40dc372ea2c001b',3);
INSERT INTO recipe_method VALUES('a992d71adaf34b67bf671ee56d3a01ad','nikmati','acd3252db2824e61b40dc372ea2c001b',4);
INSERT INTO recipe_method VALUES('30b07877a3a9453da0b65a13e4225c66','Rebus daging kambisng','a8700680f5944aae8f53b3ba189e1a72',1);
INSERT INTO recipe_method VALUES('1145f7fd1a174e63a7be35fe0d2dc4d7','masak daging sapi','a8700680f5944aae8f53b3ba189e1a72',2);
INSERT INTO recipe_method VALUES('e68ea18cd8464e2fb7f6fca123d82922','tuang bumbu','a8700680f5944aae8f53b3ba189e1a72',3);
INSERT INTO recipe_method VALUES('ca909c7acd784e7fac50ec36f33e8d50','nikmati','a8700680f5944aae8f53b3ba189e1a72',4);
CREATE TABLE IF NOT EXISTS `recipe_ingredient` (`id` char(32) NOT NULL PRIMARY KEY, `ingredient_varchars` varchars NOT NULL, `recipe_fk_id` char(32) NOT NULL REFERENCES `recipe_recipe` (`id`) DEFERRABLE INITIALLY DEFERRED, `unit` varchar(10) NOT NULL, `quantity` integer NOT NULL, `number` integer NOT NULL);
INSERT INTO recipe_ingredient VALUES('aae543aa347d428393249a88a1db1e4f','Daging Sapi','427bc7ec223446b6bb2691bb7a842f07','Gram',1000,1);
INSERT INTO recipe_ingredient VALUES('d87aac7702a94910becb8a58b63ce972','Gula','427bc7ec223446b6bb2691bb7a842f07','Sendok',2,2);
INSERT INTO recipe_ingredient VALUES('f354e7e4ac0e4d0da7fd552f4ded7b6f','Santan','427bc7ec223446b6bb2691bb7a842f07','Sachet',0,3);
INSERT INTO recipe_ingredient VALUES('4d370626351d4950be90e15431c8787e','Daging Sapi','dde3f7acc7fd4fe4aff606b1dec775d7','Gram',1000,1);
INSERT INTO recipe_ingredient VALUES('0513e34f0fb14e68981dab05d7d5e873','Gula','dde3f7acc7fd4fe4aff606b1dec775d7','Sendok',2,2);
INSERT INTO recipe_ingredient VALUES('19158bd048bd4a77a4ca517ea71f6bab','Santan','dde3f7acc7fd4fe4aff606b1dec775d7','Sachet',0,3);
INSERT INTO recipe_ingredient VALUES('56e7090395ca4664a1746216a2725509','Daging Sapi','17d7f6c26d7b4ce68e9491b81356d2a8','Gram',1000,1);
INSERT INTO recipe_ingredient VALUES('c53514f4470444d88eb7a471a3bf0e29','Gula','17d7f6c26d7b4ce68e9491b81356d2a8','Sendok',2,2);
INSERT INTO recipe_ingredient VALUES('03534207fdbc4ceda00c4e682899a493','Santan','17d7f6c26d7b4ce68e9491b81356d2a8','Sachet',0,3);
INSERT INTO recipe_ingredient VALUES('bffaea29f53c44a5ad01ea5eb0d3b496','Daging Sapi','72149903a2d74c2b8215e3a2638cb548','Gram',1000,1);
INSERT INTO recipe_ingredient VALUES('e9cdd8b2aaad4b14b63b42328fb0b5ab','Gula','72149903a2d74c2b8215e3a2638cb548','Sendok',2,2);
INSERT INTO recipe_ingredient VALUES('113391aac7ba4b53ae47c3ac82dc3017','Santan','72149903a2d74c2b8215e3a2638cb548','Sachet',0,3);
INSERT INTO recipe_ingredient VALUES('155d46c3662742b3af0bd253e9610b7e','Daging Sapi','ebe18b803db748a49cffb67321b46d71','Gram',1000,1);
INSERT INTO recipe_ingredient VALUES('4744690e9ece4e179f04482505fc88d0','Gula','ebe18b803db748a49cffb67321b46d71','Sendok',2,2);
INSERT INTO recipe_ingredient VALUES('3055140367a54f96a07af82f8442e58d','Santan','ebe18b803db748a49cffb67321b46d71','Sachet',0,3);
INSERT INTO recipe_ingredient VALUES('742557e07e8542f0ab9038ad2a3e6cbd','Daging Sapi','acd3252db2824e61b40dc372ea2c001b','Gram',1000,1);
INSERT INTO recipe_ingredient VALUES('1f4ca7e085eb42a88f0b8642f1fc45f9','Gula','acd3252db2824e61b40dc372ea2c001b','Sendok',2,2);
INSERT INTO recipe_ingredient VALUES('05c07892cda54d3d9f6e2a6f2f17235e','Santan','acd3252db2824e61b40dc372ea2c001b','Sachet',0,3);
INSERT INTO recipe_ingredient VALUES('0b2f0b538b284a97b0726100ba809252','Daging Sapi edddit','a8700680f5944aae8f53b3ba189e1a72','Liter',20000,1);
INSERT INTO recipe_ingredient VALUES('75a7479569a04f3abe8688ba8b645076','Gula edit','a8700680f5944aae8f53b3ba189e1a72','Sendok',5,2);
INSERT INTO recipe_ingredient VALUES('972f04e92c2c480fb44651d4618c13f2','Santan','a8700680f5944aae8f53b3ba189e1a72','Sachet',0,3);
CREATE TABLE IF NOT EXISTS `account_user` (`password` varchar(128) NOT NULL, `last_login` datetime NULL, `first_name` varchar(150) NOT NULL, `last_name` varchar(150) NOT NULL, `is_active` bool NOT NULL, `date_joined` datetime NOT NULL, `id` char(32) NOT NULL PRIMARY KEY, `username` varchar(255) NULL, `email` varchar(254) NOT NULL UNIQUE, `is_admin` bool NOT NULL, `is_staff` bool NOT NULL, `is_superuser` bool NOT NULL, `image` varchar(100) NULL, `bio` varchars NULL, `gender` varchar(10) NOT NULL);
INSERT INTO account_user VALUES('pbkdf2_sha256$600000$mmGOCZbPhs90cWRdHQiNaK$GFoIwkTNADs3PHk8WvvVPv4s0nB5keDbmsny6aO5M9M=','2023-06-27 12:03:12.630600','','',1,'2023-06-10 05:51:08.582814','7d72497027344766b7fa25e6d656847d','ghulammuzz','ghulammuzz@django.com',1,1,1,NULL,NULL,'1');
INSERT INTO account_user VALUES('pbkdf2_sha256$600000$8yyb0tcZAu7r9hjLMkeuvC$kR1ON2Gq/bEUBGCymvLzRhigGPwFB3G6kYxjUbjAkOg=',NULL,'','',1,'2023-06-10 15:38:28.001035','8114a3824fe14b90a9534aba4bf02cee','user1','user1@u.com',0,0,0,'',NULL,'Women');
INSERT INTO account_user VALUES('user12345',NULL,'','',1,'2023-06-10 15:43:35.744371','b901eb277081420984f46615f9119be2','user2 edit','user2edit@u.com',0,0,0,'user-profile/woman.png','bapakk','Women');
INSERT INTO account_user VALUES('pbkdf2_sha256$600000$y6C3sfjSsw0PkGK01yXNT9$mXMNqomcvhuZaROEyJ9rcJwy9/3Veej+vjZTdZ9PvKM=',NULL,'','',1,'2023-06-27 12:06:26.438248','50ec0372836148558ad50cc68754ed4b','user5','user5@u.com',0,0,0,'',NULL,'Men');
INSERT INTO account_user VALUES('pbkdf2_sha256$600000$6CQohuABLw4qEzZVyDiYeR$2g6il1uqWGEbsrRjDocQJzCF0J18906ZEGW6SHLPIiE=',NULL,'','',1,'2023-06-30 09:23:27.235103','1a49203fa42d4707a8280c82033ee88a','user7','user7@u.com',0,0,0,'',NULL,'Men');
INSERT INTO account_user VALUES('pbkdf2_sha256$600000$NJEGnaCPJN8UCmr6cudLhD$1OjviUdIPN+bTFODu1f5WrasdDuB6T55zvFMLMrtFHA=',NULL,'','',1,'2023-06-30 17:17:42','e284cf9f0dbc4b7c80a8e0713523c8a5','user100','user100@u.com',0,0,0,'','','Men');
INSERT INTO account_user VALUES('pbkdf2_sha256$600000$FznNxjgSHROiSlT27w9LRh$Lt5bIDES7M6iaMQrBbo/8fi6NoiP2F7ytQaetMYCGjE=',NULL,'','',1,'2023-06-30 19:11:01','60cea697113f45018e4b99c8f86d501c','user101','user101@u.com',0,0,0,'','','Men');
CREATE TABLE IF NOT EXISTS `account_user_favorite` (`id` integer NOT NULL PRIMARY KEY  AUTO_INCREMENT, `user_id` char(32) NOT NULL REFERENCES `account_user` (`id`) DEFERRABLE INITIALLY DEFERRED, `recipe_id` char(32) NOT NULL REFERENCES `recipe_recipe` (`id`) DEFERRABLE INITIALLY DEFERRED);
INSERT INTO account_user_favorite VALUES(19,'60cea697113f45018e4b99c8f86d501c','a8700680f5944aae8f53b3ba189e1a72');
CREATE TABLE IF NOT EXISTS `account_user_last_view` (`id` integer NOT NULL PRIMARY KEY  AUTO_INCREMENT, `user_id` char(32) NOT NULL REFERENCES `account_user` (`id`) DEFERRABLE INITIALLY DEFERRED, `recipe_id` char(32) NOT NULL REFERENCES `recipe_recipe` (`id`) DEFERRABLE INITIALLY DEFERRED);
INSERT INTO account_user_last_view VALUES(3,'e284cf9f0dbc4b7c80a8e0713523c8a5','a8700680f5944aae8f53b3ba189e1a72');
INSERT INTO account_user_last_view VALUES(6,'60cea697113f45018e4b99c8f86d501c','a8700680f5944aae8f53b3ba189e1a72');
CREATE TABLE IF NOT EXISTS `recipe_recipe_guest` (`id` integer NOT NULL PRIMARY KEY  AUTO_INCREMENT, `recipe_id` char(32) NOT NULL REFERENCES `recipe_recipe` (`id`) DEFERRABLE INITIALLY DEFERRED, `user_id` char(32) NOT NULL REFERENCES `account_user` (`id`) DEFERRABLE INITIALLY DEFERRED);
INSERT INTO recipe_recipe_guest VALUES(1,'a8700680f5944aae8f53b3ba189e1a72','e284cf9f0dbc4b7c80a8e0713523c8a5');
INSERT INTO recipe_recipe_guest VALUES(2,'a8700680f5944aae8f53b3ba189e1a72','60cea697113f45018e4b99c8f86d501c');
DELETE FROM sqlite_sequence;
INSERT INTO sqlite_sequence VALUES('django_migrations',38);
INSERT INTO sqlite_sequence VALUES('django_content_type',11);
INSERT INTO sqlite_sequence VALUES('auth_permission',44);
INSERT INTO sqlite_sequence VALUES('auth_group',0);
INSERT INTO sqlite_sequence VALUES('django_admin_log',122);
INSERT INTO sqlite_sequence VALUES('account_user_interest',58);
INSERT INTO sqlite_sequence VALUES('recipe_recipe_method',180);
INSERT INTO sqlite_sequence VALUES('recipe_recipe_ingredient',133);
INSERT INTO sqlite_sequence VALUES('account_user_favorite',19);
INSERT INTO sqlite_sequence VALUES('account_user_last_view',11);
INSERT INTO sqlite_sequence VALUES('recipe_recipe_guest',2);
CREATE UNIQUE INDEX `django_content_type_app_label_model_76bd3d3b_uniq` ON `django_content_type` (`app_label`, `model`);
CREATE UNIQUE INDEX `auth_group_permissions_group_id_permission_id_0cd325b0_uniq` ON `auth_group_permissions` (`group_id`, `permission_id`);
CREATE INDEX `auth_group_permissions_group_id_b120cbf9` ON `auth_group_permissions` (`group_id`);
CREATE INDEX `auth_group_permissions_permission_id_84c5c92e` ON `auth_group_permissions` (`permission_id`);
CREATE UNIQUE INDEX `auth_permission_content_type_id_codename_01ab375a_uniq` ON `auth_permission` (`content_type_id`, `codename`);
CREATE INDEX `auth_permission_content_type_id_2f476e4b` ON `auth_permission` (`content_type_id`);
CREATE UNIQUE INDEX `account_user_groups_user_id_group_id_4d09af3e_uniq` ON `account_user_groups` (`user_id`, `group_id`);
CREATE INDEX `account_user_groups_user_id_14345e7b` ON `account_user_groups` (`user_id`);
CREATE INDEX `account_user_groups_group_id_6c71f749` ON `account_user_groups` (`group_id`);
CREATE UNIQUE INDEX `account_user_user_permissions_user_id_permission_id_48bdd28b_uniq` ON `account_user_user_permissions` (`user_id`, `permission_id`);
CREATE INDEX `account_user_user_permissions_user_id_cc42d270` ON `account_user_user_permissions` (`user_id`);
CREATE INDEX `account_user_user_permissions_permission_id_66c44191` ON `account_user_user_permissions` (`permission_id`);
CREATE INDEX `django_admin_log_content_type_id_c4bce8eb` ON `django_admin_log` (`content_type_id`);
CREATE INDEX `django_admin_log_user_id_c564eba6` ON `django_admin_log` (`user_id`);
CREATE INDEX `django_session_expire_date_a5c62663` ON `django_session` (`expire_date`);
CREATE UNIQUE INDEX `account_user_interest_user_id_interest_id_83ba4594_uniq` ON `account_user_interest` (`user_id`, `interest_id`);
CREATE INDEX `account_user_interest_user_id_502b7210` ON `account_user_interest` (`user_id`);
CREATE INDEX `account_user_interest_interest_id_6177c965` ON `account_user_interest` (`interest_id`);
CREATE INDEX `recipe_recipe_user_id_3eb7547f` ON `recipe_recipe` (`user_id`);
CREATE UNIQUE INDEX `recipe_recipe_ingredient_recipe_id_ingredient_id_fb0c4769_uniq` ON `recipe_recipe_ingredient` (`recipe_id`, `ingredient_id`);
CREATE INDEX `recipe_recipe_ingredient_recipe_id_7b8a0bd6` ON `recipe_recipe_ingredient` (`recipe_id`);
CREATE INDEX `recipe_recipe_ingredient_ingredient_id_97b2fe3b` ON `recipe_recipe_ingredient` (`ingredient_id`);
CREATE UNIQUE INDEX `recipe_recipe_method_recipe_id_method_id_db3d5cea_uniq` ON `recipe_recipe_method` (`recipe_id`, `method_id`);
CREATE INDEX `recipe_recipe_method_recipe_id_9cb587c6` ON `recipe_recipe_method` (`recipe_id`);
CREATE INDEX `recipe_recipe_method_method_id_58a2cd68` ON `recipe_recipe_method` (`method_id`);
CREATE INDEX `recipe_method_recipe_fk_id_ac89a92a` ON `recipe_method` (`recipe_fk_id`);
CREATE INDEX `recipe_ingredient_recipe_fk_id_3fc2275f` ON `recipe_ingredient` (`recipe_fk_id`);
CREATE UNIQUE INDEX `account_user_favorite_user_id_recipe_id_16aede8b_uniq` ON `account_user_favorite` (`user_id`, `recipe_id`);
CREATE INDEX `account_user_favorite_user_id_7d132003` ON `account_user_favorite` (`user_id`);
CREATE INDEX `account_user_favorite_recipe_id_e6909011` ON `account_user_favorite` (`recipe_id`);
CREATE UNIQUE INDEX `account_user_last_view_user_id_recipe_id_f3ff654e_uniq` ON `account_user_last_view` (`user_id`, `recipe_id`);
CREATE INDEX `account_user_last_view_user_id_97b5ef95` ON `account_user_last_view` (`user_id`);
CREATE INDEX `account_user_last_view_recipe_id_7408360d` ON `account_user_last_view` (`recipe_id`);
CREATE UNIQUE INDEX `recipe_recipe_guest_recipe_id_user_id_a6386a68_uniq` ON `recipe_recipe_guest` (`recipe_id`, `user_id`);
CREATE INDEX `recipe_recipe_guest_recipe_id_571afb8a` ON `recipe_recipe_guest` (`recipe_id`);
CREATE INDEX `recipe_recipe_guest_user_id_5ea38cbc` ON `recipe_recipe_guest` (`user_id`);
COMMIT;
